Age,Genre
18,"Action, sci-fi, fantasy, superhero movies"
19,"Action, sci-fi, fantasy, superhero movies"
20,"Action, sci-fi, fantasy, superhero movies"
21,"Action, sci-fi, fantasy, superhero movies"
22,"Action, sci-fi, fantasy, superhero movies"
23,"Action, sci-fi, fantasy, superhero movies"
24,"Action, sci-fi, fantasy, superhero movies"
25,"Action, comedy, drama, romance"
26,"Action, comedy, drama, romance"
27,"Action, comedy, drama, romance"
28,"Action, comedy, drama, romance"
29,"Action, comedy, drama, romance"
30,"Action, comedy, drama, romance"
31,"Action, comedy, drama, romance"
32,"Action, comedy, drama, romance"
33,"Action, comedy, drama, romance"
34,"Action, comedy, drama, romance"
35,"Action, comedy, drama, romance"
36,"Action, comedy, drama, romance"
37,"Action, comedy, drama, romance"
38,"Action, comedy, drama, romance"
39,"Action, comedy, drama, romance"
40,"Dramas, historical films, heartwarming comedies"
41,"Dramas, historical films, heartwarming comedies"
42,"Dramas, historical films, heartwarming comedies"
43,"Dramas, historical films, heartwarming comedies"
44,"Dramas, historical films, heartwarming comedies"
45,"Dramas, historical films, heartwarming comedies"
46,"Dramas, historical films, heartwarming comedies"
47,"Dramas, historical films, heartwarming comedies"
48,"Dramas, historical films, heartwarming comedies"
49,"Dramas, historical films, heartwarming comedies"
50,"Dramas, historical films, heartwarming comedies"
51,"Dramas, historical films, heartwarming comedies"
52,"Dramas, historical films, heartwarming comedies"
53,"Dramas, historical films, heartwarming comedies"
54,"Dramas, historical films, heartwarming comedies"
55,"Dramas, historical films, heartwarming comedies"
56,"Dramas, historical films, heartwarming comedies"
57,"Dramas, historical films, heartwarming comedies"
58,"Dramas, historical films, heartwarming comedies"
59,"Dramas, historical films, heartwarming comedies"
60,"Dramas, historical films, heartwarming comedies"
